id,groupid,userid,timeadded,component,itemid
1,9,26,1474167704,"",0
2,9,27,1474167704,"",0
3,9,28,1474167704,"",0
4,9,29,1474167704,"",0
5,9,30,1474167705,"",0
6,9,31,1474167705,"",0
7,9,32,1474167705,"",0
8,9,33,1474167705,"",0
9,9,34,1474167705,"",0
10,9,35,1474167705,"",0
11,9,36,1474167706,"",0
12,9,37,1474167706,"",0
13,9,38,1474167706,"",0
14,9,39,1474167706,"",0
15,9,40,1474167707,"",0
16,9,41,1474167707,"",0
17,9,42,1474167707,"",0
18,9,43,1474167707,"",0
19,9,44,1474167707,"",0
20,9,45,1474167708,"",0
21,9,46,1474167708,"",0
22,9,47,1474167708,"",0
23,9,48,1474167708,"",0
24,9,49,1474167708,"",0
25,9,50,1474167709,"",0
26,9,51,1474167709,"",0
27,9,52,1474167709,"",0
28,9,53,1474167709,"",0
29,9,54,1474167710,"",0
30,9,55,1474167710,"",0
31,10,56,1474167710,"",0
32,10,57,1474167710,"",0
33,10,58,1474167710,"",0
34,10,59,1474167711,"",0
35,10,60,1474167711,"",0
36,10,61,1474167711,"",0
37,10,62,1474167711,"",0
38,10,63,1474167711,"",0
39,10,64,1474167712,"",0
40,10,65,1474167712,"",0
41,10,66,1474167712,"",0
42,10,67,1474167712,"",0
43,10,68,1474167712,"",0
44,10,69,1474167712,"",0
45,10,70,1474167713,"",0
46,10,71,1474167713,"",0
47,10,72,1474167713,"",0
48,10,73,1474167713,"",0
49,10,74,1474167714,"",0
50,10,75,1474167714,"",0
51,10,76,1474167714,"",0
52,10,77,1474167714,"",0
53,10,78,1474167715,"",0
54,10,79,1474167715,"",0
55,10,80,1474167715,"",0
56,10,81,1474167715,"",0
57,10,82,1474167715,"",0
58,10,83,1474167715,"",0
59,10,84,1474167715,"",0
60,10,85,1474167716,"",0
61,11,86,1474167716,"",0
62,11,87,1474167716,"",0
63,11,88,1474167716,"",0
64,11,89,1474167716,"",0
65,11,90,1474167717,"",0
66,11,91,1474167717,"",0
67,11,92,1474167717,"",0
68,11,93,1474167717,"",0
69,11,94,1474167717,"",0
70,11,95,1474167717,"",0
71,11,96,1474167717,"",0
72,11,97,1474167718,"",0
73,11,98,1474167718,"",0
74,11,99,1474167718,"",0
75,11,100,1474167718,"",0
76,11,101,1474167718,"",0
77,11,102,1474167719,"",0
78,11,103,1474167719,"",0
79,11,104,1474167719,"",0
80,11,105,1474167719,"",0
81,11,106,1474167719,"",0
82,11,107,1474167720,"",0
83,11,108,1474167720,"",0
84,11,109,1474167720,"",0
85,11,110,1474167720,"",0
86,11,111,1474167720,"",0
87,11,112,1474167721,"",0
88,11,113,1474167721,"",0
89,11,114,1474167721,"",0
90,11,115,1474167722,"",0
91,12,116,1474167722,"",0
92,12,117,1474167722,"",0
93,12,118,1474167722,"",0
94,12,119,1474167723,"",0
95,12,120,1474167723,"",0
96,12,121,1474167723,"",0
97,12,122,1474167723,"",0
98,12,123,1474167724,"",0
99,12,124,1474167724,"",0
100,12,125,1474167725,"",0
101,12,126,1474167725,"",0
102,12,127,1474167725,"",0
103,12,128,1474167725,"",0
104,12,129,1474167725,"",0
105,12,130,1474167726,"",0
106,12,131,1474167726,"",0
107,12,132,1474167726,"",0
108,12,133,1474167726,"",0
109,12,134,1474167727,"",0
110,12,135,1474167727,"",0
111,12,136,1474167727,"",0
112,12,137,1474167728,"",0
113,12,138,1474167728,"",0
114,12,139,1474167728,"",0
115,12,140,1474167728,"",0
116,12,141,1474167729,"",0
117,12,142,1474167729,"",0
118,12,143,1474167729,"",0
119,12,144,1474167729,"",0
120,12,145,1474167730,"",0
121,13,146,1474167730,"",0
122,13,147,1474167730,"",0
123,13,148,1474167730,"",0
124,13,149,1474167731,"",0
125,13,150,1474167731,"",0
126,13,151,1474167731,"",0
127,13,152,1474167731,"",0
128,13,153,1474167732,"",0
129,13,154,1474167732,"",0
130,13,155,1474167732,"",0
131,13,156,1474167732,"",0
132,13,157,1474167732,"",0
133,13,158,1474167733,"",0
134,13,159,1474167733,"",0
135,13,160,1474167733,"",0
136,13,161,1474167733,"",0
137,13,162,1474167734,"",0
138,13,163,1474167734,"",0
139,13,164,1474167735,"",0
140,13,165,1474167735,"",0
141,13,166,1474167735,"",0
142,13,167,1474167735,"",0
143,13,168,1474167735,"",0
144,13,169,1474167736,"",0
145,13,170,1474167736,"",0
146,13,171,1474167736,"",0
147,13,172,1474167736,"",0
148,13,173,1474167737,"",0
149,13,174,1474167737,"",0
150,13,175,1474167737,"",0
151,14,176,1474167737,"",0
152,14,177,1474167738,"",0
153,14,178,1474167738,"",0
154,14,179,1474167738,"",0
155,14,180,1474167738,"",0
156,14,181,1474167738,"",0
157,14,182,1474167739,"",0
158,14,183,1474167739,"",0
159,14,184,1474167739,"",0
160,14,185,1474167739,"",0
161,14,186,1474167739,"",0
162,14,187,1474167740,"",0
163,14,188,1474167740,"",0
164,14,189,1474167740,"",0
165,14,190,1474167740,"",0
166,14,191,1474167741,"",0
167,14,192,1474167741,"",0
168,14,193,1474167741,"",0
169,14,194,1474167741,"",0
170,14,195,1474167741,"",0
171,14,196,1474167742,"",0
172,14,197,1474167742,"",0
173,14,198,1474167742,"",0
174,14,199,1474167742,"",0
175,14,200,1474167743,"",0
176,14,201,1474167743,"",0
177,14,202,1474167743,"",0
178,14,203,1474167743,"",0
179,14,204,1474167743,"",0
180,14,205,1474167744,"",0
181,15,206,1474167744,"",0
182,15,207,1474167744,"",0
183,15,208,1474167744,"",0
184,15,209,1474167744,"",0
185,15,210,1474167745,"",0
186,15,211,1474167746,"",0
187,15,212,1474167746,"",0
188,15,213,1474167746,"",0
189,15,214,1474167746,"",0
190,15,215,1474167746,"",0
191,15,216,1474167747,"",0
192,15,217,1474167747,"",0
193,15,218,1474167747,"",0
194,15,219,1474167747,"",0
195,15,220,1474167747,"",0
196,15,221,1474167748,"",0
197,15,222,1474167748,"",0
198,15,223,1474167748,"",0
199,15,224,1474167748,"",0
200,15,225,1474167749,"",0
201,15,226,1474167749,"",0
202,15,227,1474167749,"",0
203,15,228,1474167749,"",0
204,15,229,1474167749,"",0
205,15,230,1474167750,"",0
206,15,231,1474167750,"",0
207,15,232,1474167750,"",0
208,15,233,1474167750,"",0
209,15,234,1474167750,"",0
210,15,235,1474167750,"",0
211,16,236,1474167751,"",0
212,16,237,1474167751,"",0
213,16,238,1474167751,"",0
214,16,239,1474167752,"",0
215,16,240,1474167752,"",0
216,16,241,1474167752,"",0
217,16,242,1474167752,"",0
218,16,243,1474167752,"",0
219,16,244,1474167752,"",0
220,16,245,1474167753,"",0
221,16,246,1474167753,"",0
222,16,247,1474167753,"",0
223,16,248,1474167753,"",0
224,16,249,1474167754,"",0
225,16,250,1474167754,"",0
226,16,251,1474167754,"",0
227,16,252,1474167754,"",0
228,16,253,1474167755,"",0
229,16,254,1474167755,"",0
230,16,255,1474167755,"",0
231,16,256,1474167756,"",0
232,16,257,1474167756,"",0
233,16,258,1474167756,"",0
234,16,259,1474167757,"",0
235,16,260,1474167757,"",0
236,16,261,1474167757,"",0
237,16,262,1474167758,"",0
238,16,263,1474167758,"",0
239,16,264,1474167758,"",0
240,16,265,1474167758,"",0
241,16,266,1474167759,"",0
242,17,269,1474446916,"",0
243,17,270,1474446917,"",0
244,17,271,1474446917,"",0
245,17,272,1474446917,"",0
246,17,273,1474446917,"",0
247,17,274,1474446918,"",0
248,17,275,1474446918,"",0
249,17,276,1474446918,"",0
250,17,277,1474446918,"",0
251,17,278,1474446918,"",0
252,17,279,1474446919,"",0
253,17,280,1474446919,"",0
254,17,281,1474446919,"",0
255,17,282,1474446920,"",0
256,17,283,1474446920,"",0
257,17,284,1474446920,"",0
258,17,285,1474446920,"",0
259,17,286,1474446920,"",0
260,17,287,1474446921,"",0
261,17,288,1474446921,"",0
262,17,289,1474446921,"",0
263,17,290,1474446921,"",0
264,17,291,1474446921,"",0
265,17,292,1474446922,"",0
266,17,293,1474446922,"",0
267,17,294,1474446922,"",0
268,17,295,1474446923,"",0
269,17,296,1474446923,"",0
270,17,297,1474446923,"",0
271,17,298,1474446923,"",0
272,17,299,1474446923,"",0
273,17,300,1474446923,"",0
274,17,301,1474446924,"",0
275,17,302,1474446924,"",0
276,17,303,1474446924,"",0
277,18,304,1474446924,"",0
278,18,305,1474446924,"",0
279,18,306,1474446925,"",0
280,18,307,1474446925,"",0
281,18,308,1474446925,"",0
282,18,309,1474446926,"",0
283,18,310,1474446926,"",0
284,18,311,1474446926,"",0
285,18,312,1474446926,"",0
286,18,313,1474446927,"",0
287,18,314,1474446927,"",0
288,18,315,1474446927,"",0
289,18,316,1474446927,"",0
290,18,317,1474446928,"",0
291,18,318,1474446928,"",0
292,18,319,1474446928,"",0
293,18,320,1474446929,"",0
294,18,321,1474446929,"",0
295,18,322,1474446929,"",0
296,18,323,1474446929,"",0
297,18,324,1474446929,"",0
298,18,325,1474446930,"",0
299,18,326,1474446930,"",0
300,18,327,1474446930,"",0
301,18,328,1474446930,"",0
302,18,329,1474446930,"",0
303,18,330,1474446931,"",0
304,18,331,1474446931,"",0
305,18,332,1474446931,"",0
306,18,333,1474446932,"",0
307,18,334,1474446932,"",0
308,18,335,1474446932,"",0
309,18,336,1474446932,"",0
310,18,337,1474446932,"",0
311,18,338,1474446933,"",0
312,19,339,1474446933,"",0
313,19,340,1474446933,"",0
314,19,341,1474446933,"",0
315,19,342,1474446933,"",0
316,19,343,1474446934,"",0
317,19,344,1474446934,"",0
318,19,345,1474446934,"",0
319,19,346,1474446935,"",0
320,19,347,1474446935,"",0
321,19,348,1474446935,"",0
322,19,349,1474446935,"",0
323,19,350,1474446936,"",0
324,19,351,1474446936,"",0
325,19,352,1474446936,"",0
326,19,353,1474446937,"",0
327,19,354,1474446937,"",0
328,19,355,1474446938,"",0
329,19,356,1474446938,"",0
330,19,357,1474446938,"",0
331,19,358,1474446939,"",0
332,19,359,1474446939,"",0
333,19,360,1474446939,"",0
334,19,361,1474446940,"",0
335,19,362,1474446940,"",0
336,19,363,1474446942,"",0
337,19,364,1474446944,"",0
338,19,365,1474446944,"",0
339,19,366,1474446944,"",0
340,19,367,1474446944,"",0
341,19,368,1474446945,"",0
342,19,369,1474446945,"",0
343,19,370,1474446945,"",0
344,19,371,1474446946,"",0
345,19,372,1474446946,"",0
346,19,373,1474446946,"",0
347,19,374,1474446946,"",0
348,20,375,1474446947,"",0
349,20,376,1474446947,"",0
350,20,377,1474446947,"",0
351,20,378,1474446947,"",0
352,20,379,1474446947,"",0
353,20,380,1474446949,"",0
354,20,381,1474446949,"",0
355,20,382,1474446949,"",0
356,20,383,1474446949,"",0
357,20,384,1474446949,"",0
358,20,385,1474446950,"",0
359,20,386,1474446950,"",0
360,20,387,1474446950,"",0
361,20,388,1474446950,"",0
362,20,389,1474446951,"",0
363,20,390,1474446951,"",0
364,20,391,1474446951,"",0
365,20,392,1474446951,"",0
366,20,393,1474446952,"",0
367,20,394,1474446952,"",0
368,20,395,1474446952,"",0
369,20,396,1474446952,"",0
370,20,397,1474446953,"",0
371,20,398,1474446953,"",0
372,20,399,1474446953,"",0
373,20,400,1474446953,"",0
374,20,401,1474446954,"",0
375,20,402,1474446954,"",0
376,20,403,1474446954,"",0
377,20,404,1474446954,"",0
378,20,405,1474446955,"",0
379,20,406,1474446955,"",0
380,20,407,1474446955,"",0
381,20,408,1474446955,"",0
382,20,409,1474446956,"",0
383,20,410,1474446956,"",0
384,21,411,1474446956,"",0
385,21,412,1474446956,"",0
386,21,413,1474446956,"",0
387,21,414,1474446957,"",0
388,21,415,1474446957,"",0
389,21,416,1474446957,"",0
390,21,417,1474446958,"",0
391,21,418,1474446958,"",0
392,21,419,1474446958,"",0
393,21,420,1474446958,"",0
394,21,421,1474446958,"",0
395,21,422,1474446959,"",0
396,21,423,1474446959,"",0
397,21,424,1474446960,"",0
398,21,425,1474446960,"",0
399,21,426,1474446960,"",0
400,21,427,1474446960,"",0
401,21,428,1474446960,"",0
402,21,429,1474446961,"",0
403,21,430,1474446961,"",0
404,21,431,1474446961,"",0
405,21,432,1474446961,"",0
406,21,433,1474446962,"",0
407,21,434,1474446962,"",0
408,21,435,1474446962,"",0
409,21,436,1474446962,"",0
410,21,437,1474446962,"",0
411,21,438,1474446963,"",0
412,21,439,1474446963,"",0
413,21,440,1474446963,"",0
414,21,441,1474446963,"",0
415,21,442,1474446964,"",0
416,21,443,1474446964,"",0
417,21,444,1474446964,"",0
418,21,445,1474446964,"",0
419,21,446,1474446965,"",0
420,21,447,1474446965,"",0
421,21,448,1474446965,"",0
422,22,449,1474446965,"",0
423,22,450,1474446965,"",0
424,22,451,1474446966,"",0
425,22,452,1474446966,"",0
426,22,453,1474446966,"",0
427,22,454,1474446966,"",0
428,22,455,1474446967,"",0
429,22,456,1474446967,"",0
430,22,457,1474446967,"",0
431,22,458,1474446967,"",0
432,22,459,1474446967,"",0
433,22,460,1474446968,"",0
434,22,461,1474446968,"",0
435,22,462,1474446968,"",0
436,22,463,1474446968,"",0
437,22,464,1474446968,"",0
438,22,465,1474446969,"",0
439,22,466,1474446969,"",0
440,22,467,1474446969,"",0
441,22,468,1474446970,"",0
442,22,469,1474446970,"",0
443,22,470,1474446970,"",0
444,22,471,1474446971,"",0
445,22,472,1474446971,"",0
446,22,473,1474446971,"",0
447,22,474,1474446971,"",0
448,22,475,1474446971,"",0
449,22,476,1474446972,"",0
450,22,477,1474446972,"",0
451,22,478,1474446972,"",0
452,22,479,1474446972,"",0
453,22,480,1474446973,"",0
454,22,481,1474446973,"",0
455,22,482,1474446974,"",0
456,22,483,1474446974,"",0
457,22,484,1474446974,"",0
458,22,485,1474446974,"",0
459,23,486,1474446975,"",0
460,23,487,1474446975,"",0
461,23,488,1474446975,"",0
462,23,489,1474446975,"",0
463,23,490,1474446976,"",0
464,23,491,1474446976,"",0
465,23,492,1474446976,"",0
466,23,493,1474446977,"",0
467,23,494,1474446977,"",0
468,23,495,1474446977,"",0
469,23,496,1474446977,"",0
470,23,497,1474446978,"",0
471,23,498,1474446978,"",0
472,23,499,1474446978,"",0
473,23,500,1474446978,"",0
474,23,501,1474446979,"",0
475,23,502,1474446979,"",0
476,23,503,1474446979,"",0
477,23,504,1474446980,"",0
478,23,505,1474446980,"",0
479,23,506,1474446981,"",0
480,23,507,1474446981,"",0
481,23,508,1474446981,"",0
482,23,509,1474446982,"",0
483,23,510,1474446982,"",0
484,23,511,1474446982,"",0
485,23,512,1474446982,"",0
486,23,513,1474446982,"",0
487,23,514,1474446983,"",0
488,23,515,1474446983,"",0
489,23,516,1474446983,"",0
490,23,517,1474446984,"",0
491,23,518,1474446984,"",0
492,23,519,1474446984,"",0
493,23,520,1474446984,"",0
494,23,521,1474446985,"",0
495,23,522,1474446985,"",0
496,23,523,1474446985,"",0
497,23,524,1474446985,"",0
498,24,525,1474446986,"",0
499,24,526,1474446986,"",0
500,24,527,1474446986,"",0
501,24,528,1474446986,"",0
502,24,529,1474446987,"",0
503,24,530,1474446987,"",0
504,24,531,1474446987,"",0
505,24,532,1474446987,"",0
506,24,533,1474446988,"",0
507,24,534,1474446988,"",0
508,24,535,1474446988,"",0
509,24,536,1474446988,"",0
510,24,537,1474446988,"",0
511,24,538,1474446989,"",0
512,24,539,1474446989,"",0
513,24,540,1474446989,"",0
514,24,541,1474446989,"",0
515,24,542,1474446990,"",0
516,24,543,1474446990,"",0
517,24,544,1474446990,"",0
518,24,545,1474446991,"",0
519,24,546,1474446991,"",0
520,24,547,1474446991,"",0
521,24,548,1474446992,"",0
522,24,549,1474446992,"",0
523,24,550,1474446992,"",0
524,24,551,1474446992,"",0
525,24,552,1474446992,"",0
526,24,553,1474446993,"",0
527,24,554,1474446993,"",0
528,24,555,1474446993,"",0
529,24,556,1474446994,"",0
530,24,557,1474446994,"",0
531,24,558,1474446994,"",0
532,24,559,1474446994,"",0
533,24,560,1474446994,"",0
534,24,561,1474446995,"",0
535,24,562,1474446995,"",0
536,24,563,1474446995,"",0
538,25,565,1474447302,"",0
539,25,566,1474447302,"",0
540,25,567,1474447302,"",0
541,25,568,1474447302,"",0
542,25,569,1474447303,"",0
543,25,570,1474447303,"",0
544,25,571,1474447303,"",0
545,25,572,1474447303,"",0
546,25,573,1474447303,"",0
547,25,574,1474447304,"",0
548,25,575,1474447304,"",0
549,25,576,1474447304,"",0
550,25,577,1474447304,"",0
551,25,578,1474447305,"",0
552,25,579,1474447305,"",0
553,25,580,1474447305,"",0
554,25,581,1474447305,"",0
555,25,582,1474447305,"",0
556,25,583,1474447306,"",0
557,25,584,1474447306,"",0
558,25,585,1474447306,"",0
559,25,586,1474447306,"",0
560,25,587,1474447307,"",0
561,25,588,1474447307,"",0
562,25,589,1474447307,"",0
563,25,590,1474447308,"",0
564,25,591,1474447308,"",0
565,25,592,1474447308,"",0
566,25,593,1474447308,"",0
567,25,594,1474447309,"",0
568,25,595,1474447309,"",0
569,25,596,1474447309,"",0
570,25,597,1474447309,"",0
571,25,598,1474447310,"",0
572,25,599,1474447310,"",0
573,25,600,1474447310,"",0
574,25,601,1474447310,"",0
575,26,602,1474447311,"",0
576,26,603,1474447312,"",0
577,26,604,1474447312,"",0
578,26,605,1474447312,"",0
579,26,606,1474447312,"",0
580,26,607,1474447313,"",0
581,26,608,1474447313,"",0
582,26,609,1474447313,"",0
583,26,610,1474447313,"",0
584,26,611,1474447314,"",0
585,26,612,1474447314,"",0
586,26,613,1474447314,"",0
587,26,614,1474447315,"",0
588,26,615,1474447315,"",0
589,26,616,1474447315,"",0
590,26,617,1474447315,"",0
591,26,618,1474447316,"",0
592,26,619,1474447316,"",0
593,26,620,1474447316,"",0
594,26,621,1474447316,"",0
595,26,622,1474447317,"",0
596,26,623,1474447317,"",0
597,26,624,1474447317,"",0
598,26,625,1474447317,"",0
599,26,626,1474447317,"",0
600,26,627,1474447318,"",0
601,26,628,1474447318,"",0
602,26,629,1474447318,"",0
603,26,630,1474447319,"",0
604,26,631,1474447319,"",0
605,26,632,1474447319,"",0
606,26,633,1474447319,"",0
607,26,634,1474447320,"",0
608,26,635,1474447320,"",0
609,26,636,1474447320,"",0
610,26,637,1474447320,"",0
611,26,638,1474447321,"",0
612,26,639,1474447321,"",0
613,27,640,1474447321,"",0
614,27,641,1474447321,"",0
615,27,642,1474447322,"",0
616,27,643,1474447322,"",0
617,27,644,1474447323,"",0
618,27,645,1474447323,"",0
619,27,646,1474447323,"",0
620,27,647,1474447323,"",0
621,27,648,1474447323,"",0
622,27,649,1474447324,"",0
623,27,650,1474447324,"",0
624,27,651,1474447324,"",0
625,27,652,1474447325,"",0
626,27,653,1474447325,"",0
627,27,654,1474447325,"",0
628,27,655,1474447325,"",0
629,27,656,1474447325,"",0
630,27,657,1474447326,"",0
631,27,658,1474447326,"",0
632,27,659,1474447326,"",0
633,27,660,1474447326,"",0
634,27,661,1474447326,"",0
635,27,662,1474447327,"",0
636,27,663,1474447327,"",0
637,27,664,1474447327,"",0
638,27,665,1474447328,"",0
639,27,666,1474447328,"",0
640,27,667,1474447328,"",0
641,27,668,1474447328,"",0
642,27,669,1474447328,"",0
643,27,670,1474447329,"",0
644,27,671,1474447329,"",0
645,27,672,1474447329,"",0
646,27,673,1474447329,"",0
647,27,674,1474447330,"",0
648,27,675,1474447330,"",0
649,27,676,1474447330,"",0
650,27,677,1474447331,"",0
651,27,678,1474447331,"",0
652,28,679,1474447331,"",0
653,28,680,1474447331,"",0
654,28,681,1474447332,"",0
655,28,682,1474447332,"",0
656,28,683,1474447332,"",0
657,28,684,1474447333,"",0
658,28,685,1474447333,"",0
659,28,686,1474447334,"",0
660,28,687,1474447334,"",0
661,28,688,1474447334,"",0
662,28,689,1474447335,"",0
663,28,690,1474447335,"",0
664,28,691,1474447335,"",0
665,28,692,1474447335,"",0
666,28,693,1474447336,"",0
667,28,694,1474447336,"",0
668,28,695,1474447336,"",0
669,28,696,1474447336,"",0
670,28,697,1474447337,"",0
671,28,698,1474447337,"",0
672,28,699,1474447337,"",0
673,28,700,1474447337,"",0
674,28,701,1474447338,"",0
675,28,702,1474447338,"",0
676,28,703,1474447338,"",0
677,28,704,1474447338,"",0
678,28,705,1474447339,"",0
679,28,706,1474447339,"",0
680,28,707,1474447339,"",0
681,28,708,1474447339,"",0
682,28,709,1474447340,"",0
683,28,710,1474447340,"",0
684,28,711,1474447340,"",0
685,28,712,1474447340,"",0
686,28,713,1474447340,"",0
687,28,714,1474447341,"",0
688,28,715,1474447341,"",0
689,28,716,1474447341,"",0
690,28,717,1474447342,"",0
692,29,719,1474447591,"",0
693,29,720,1474447592,"",0
694,29,721,1474447592,"",0
695,29,722,1474447592,"",0
696,29,723,1474447592,"",0
697,29,724,1474447592,"",0
698,29,725,1474447593,"",0
699,29,726,1474447593,"",0
700,29,727,1474447593,"",0
701,29,728,1474447593,"",0
702,29,729,1474447594,"",0
703,29,730,1474447594,"",0
704,29,731,1474447595,"",0
705,29,732,1474447595,"",0
706,29,733,1474447595,"",0
707,29,734,1474447595,"",0
708,29,735,1474447596,"",0
709,29,736,1474447596,"",0
710,29,737,1474447596,"",0
711,29,738,1474447596,"",0
712,29,739,1474447597,"",0
713,29,740,1474447597,"",0
714,29,741,1474447597,"",0
715,29,742,1474447598,"",0
716,29,743,1474447598,"",0
717,29,744,1474447598,"",0
718,29,745,1474447599,"",0
719,29,746,1474447599,"",0
720,29,747,1474447599,"",0
721,29,748,1474447599,"",0
722,29,749,1474447600,"",0
723,29,750,1474447600,"",0
724,29,751,1474447600,"",0
725,29,752,1474447601,"",0
726,29,753,1474447601,"",0
727,30,754,1474447602,"",0
728,30,755,1474447602,"",0
729,30,756,1474447602,"",0
730,30,757,1474447603,"",0
731,30,758,1474447603,"",0
732,30,759,1474447603,"",0
733,30,760,1474447603,"",0
734,30,761,1474447604,"",0
735,30,762,1474447604,"",0
736,30,763,1474447604,"",0
737,30,764,1474447604,"",0
738,30,765,1474447605,"",0
739,30,766,1474447605,"",0
740,30,767,1474447605,"",0
741,30,768,1474447606,"",0
742,30,769,1474447606,"",0
743,30,770,1474447606,"",0
744,30,771,1474447606,"",0
745,30,772,1474447607,"",0
746,30,773,1474447607,"",0
747,30,774,1474447607,"",0
748,30,775,1474447607,"",0
749,30,776,1474447608,"",0
750,30,777,1474447608,"",0
751,30,778,1474447608,"",0
752,30,779,1474447608,"",0
753,30,780,1474447609,"",0
754,30,781,1474447609,"",0
755,30,782,1474447609,"",0
756,30,783,1474447610,"",0
757,30,784,1474447610,"",0
758,30,785,1474447610,"",0
759,30,786,1474447610,"",0
760,30,787,1474447611,"",0
761,30,788,1474447611,"",0
762,31,789,1474447612,"",0
763,31,790,1474447612,"",0
764,31,791,1474447612,"",0
765,31,792,1474447613,"",0
766,31,793,1474447613,"",0
767,31,794,1474447614,"",0
768,31,795,1474447614,"",0
769,31,796,1474447614,"",0
770,31,797,1474447614,"",0
771,31,798,1474447614,"",0
772,31,799,1474447615,"",0
773,31,800,1474447615,"",0
774,31,801,1474447615,"",0
775,31,802,1474447615,"",0
776,31,803,1474447616,"",0
777,31,804,1474447616,"",0
778,31,805,1474447616,"",0
779,31,806,1474447617,"",0
780,31,807,1474447617,"",0
781,31,808,1474447617,"",0
782,31,809,1474447617,"",0
783,31,810,1474447618,"",0
784,31,811,1474447618,"",0
785,31,812,1474447618,"",0
786,31,813,1474447618,"",0
787,31,814,1474447619,"",0
788,31,815,1474447619,"",0
789,31,816,1474447619,"",0
790,31,817,1474447619,"",0
791,31,818,1474447620,"",0
792,31,819,1474447620,"",0
793,31,820,1474447620,"",0
794,31,821,1474447620,"",0
795,31,822,1474447621,"",0
796,31,823,1474447621,"",0
797,31,824,1474447621,"",0
798,32,825,1474447621,"",0
799,32,826,1474447621,"",0
800,32,827,1474447622,"",0
801,32,828,1474447622,"",0
802,32,829,1474447622,"",0
803,32,830,1474447623,"",0
804,32,831,1474447623,"",0
805,32,832,1474447623,"",0
806,32,833,1474447624,"",0
807,32,834,1474447624,"",0
808,32,835,1474447624,"",0
809,32,836,1474447624,"",0
810,32,837,1474447624,"",0
811,32,838,1474447625,"",0
812,32,839,1474447625,"",0
813,32,840,1474447625,"",0
814,32,841,1474447625,"",0
815,32,842,1474447625,"",0
816,32,843,1474447626,"",0
817,32,844,1474447626,"",0
818,32,845,1474447626,"",0
819,32,846,1474447627,"",0
820,32,847,1474447627,"",0
821,32,848,1474447627,"",0
822,32,849,1474447627,"",0
823,32,850,1474447627,"",0
824,32,851,1474447628,"",0
825,32,852,1474447628,"",0
826,32,853,1474447628,"",0
827,32,854,1474447628,"",0
828,32,855,1474447629,"",0
829,32,856,1474447629,"",0
830,32,857,1474447630,"",0
831,32,858,1474447630,"",0
832,32,859,1474447630,"",0
833,32,860,1474447630,"",0
837,27,863,1474983586,"",0
838,33,865,1482813574,"",0
839,33,866,1482813574,"",0
840,43,26,1487816726,"",0
841,43,27,1487816726,"",0
842,43,28,1487816726,"",0
843,43,29,1487816727,"",0
844,43,30,1487816727,"",0
845,43,31,1487816727,"",0
846,43,32,1487816727,"",0
847,43,33,1487816727,"",0
848,43,34,1487816727,"",0
849,43,35,1487816727,"",0
850,43,36,1487816727,"",0
851,43,37,1487816727,"",0
852,43,38,1487816727,"",0
853,43,39,1487816727,"",0
854,43,40,1487816728,"",0
855,43,41,1487816728,"",0
856,43,42,1487816728,"",0
857,43,43,1487816728,"",0
858,43,44,1487816728,"",0
859,43,45,1487816728,"",0
860,43,46,1487816728,"",0
861,43,47,1487816728,"",0
862,43,48,1487816728,"",0
863,43,49,1487816729,"",0
864,43,50,1487816729,"",0
865,43,51,1487816729,"",0
866,43,52,1487816729,"",0
867,43,53,1487816729,"",0
868,43,54,1487816729,"",0
869,43,55,1487816729,"",0
870,44,56,1487816729,"",0
871,44,57,1487816729,"",0
872,44,58,1487816730,"",0
873,44,59,1487816730,"",0
874,44,60,1487816730,"",0
875,44,61,1487816730,"",0
876,44,62,1487816730,"",0
877,44,63,1487816730,"",0
878,44,64,1487816730,"",0
879,44,65,1487816730,"",0
880,44,66,1487816730,"",0
881,44,67,1487816730,"",0
882,44,68,1487816731,"",0
883,44,69,1487816731,"",0
884,44,70,1487816731,"",0
885,44,71,1487816731,"",0
886,44,72,1487816731,"",0
887,44,73,1487816731,"",0
888,44,74,1487816731,"",0
889,44,75,1487816732,"",0
890,44,76,1487816732,"",0
891,44,77,1487816732,"",0
892,44,78,1487816732,"",0
893,44,79,1487816732,"",0
894,44,80,1487816732,"",0
895,44,81,1487816732,"",0
896,44,82,1487816732,"",0
897,44,83,1487816732,"",0
898,44,84,1487816733,"",0
899,44,85,1487816733,"",0
900,45,86,1487816733,"",0
901,45,87,1487816733,"",0
902,45,88,1487816733,"",0
903,45,89,1487816733,"",0
904,45,90,1487816733,"",0
905,45,91,1487816734,"",0
906,45,92,1487816734,"",0
907,45,93,1487816734,"",0
908,45,94,1487816734,"",0
909,45,95,1487816734,"",0
910,45,96,1487816734,"",0
911,45,97,1487816735,"",0
912,45,98,1487816735,"",0
913,45,99,1487816735,"",0
914,45,100,1487816735,"",0
915,45,101,1487816736,"",0
916,45,102,1487816736,"",0
917,45,103,1487816736,"",0
918,45,104,1487816737,"",0
919,45,105,1487816737,"",0
920,45,106,1487816737,"",0
921,45,107,1487816737,"",0
922,45,108,1487816737,"",0
923,45,109,1487816737,"",0
924,45,110,1487816738,"",0
925,45,111,1487816738,"",0
926,45,112,1487816738,"",0
927,45,113,1487816738,"",0
928,45,114,1487816738,"",0
929,45,115,1487816738,"",0
930,46,116,1487816738,"",0
931,46,117,1487816738,"",0
932,46,118,1487816738,"",0
933,46,119,1487816738,"",0
934,46,120,1487816739,"",0
935,46,121,1487816739,"",0
936,46,122,1487816739,"",0
937,46,123,1487816739,"",0
938,46,124,1487816739,"",0
939,46,125,1487816739,"",0
940,46,126,1487816739,"",0
941,46,127,1487816740,"",0
942,46,128,1487816740,"",0
943,46,129,1487816740,"",0
944,46,130,1487816740,"",0
945,46,131,1487816740,"",0
946,46,132,1487816740,"",0
947,46,133,1487816740,"",0
948,46,134,1487816740,"",0
949,46,135,1487816741,"",0
950,46,136,1487816741,"",0
951,46,137,1487816741,"",0
952,46,138,1487816741,"",0
953,46,139,1487816741,"",0
954,46,140,1487816741,"",0
955,46,141,1487816741,"",0
956,46,142,1487816742,"",0
957,46,143,1487816742,"",0
958,46,144,1487816742,"",0
959,46,145,1487816742,"",0
960,47,146,1487816742,"",0
961,47,147,1487816742,"",0
962,47,148,1487816742,"",0
963,47,149,1487816742,"",0
964,47,150,1487816742,"",0
965,47,151,1487816743,"",0
966,47,152,1487816743,"",0
967,47,153,1487816743,"",0
968,47,154,1487816743,"",0
969,47,155,1487816743,"",0
970,47,156,1487816743,"",0
971,47,157,1487816743,"",0
972,47,158,1487816744,"",0
973,47,159,1487816744,"",0
974,47,160,1487816744,"",0
975,47,161,1487816744,"",0
976,47,162,1487816744,"",0
977,47,163,1487816744,"",0
978,47,164,1487816744,"",0
979,47,165,1487816744,"",0
980,47,166,1487816744,"",0
981,47,167,1487816744,"",0
982,47,168,1487816745,"",0
983,47,169,1487816745,"",0
984,47,170,1487816745,"",0
985,47,171,1487816745,"",0
986,47,172,1487816745,"",0
987,47,173,1487816745,"",0
988,47,174,1487816745,"",0
989,47,175,1487816745,"",0
990,48,176,1487816746,"",0
991,48,177,1487816746,"",0
992,48,178,1487816746,"",0
993,48,179,1487816746,"",0
994,48,180,1487816746,"",0
995,48,181,1487816746,"",0
996,48,182,1487816746,"",0
997,48,183,1487816746,"",0
998,48,184,1487816746,"",0
999,48,185,1487816747,"",0
1000,48,186,1487816747,"",0
1001,48,187,1487816747,"",0
1002,48,188,1487816747,"",0
1003,48,189,1487816747,"",0
1004,48,190,1487816747,"",0
1005,48,191,1487816747,"",0
1006,48,192,1487816747,"",0
1007,48,193,1487816748,"",0
1008,48,194,1487816748,"",0
1009,48,195,1487816748,"",0
1010,48,196,1487816748,"",0
1011,48,197,1487816748,"",0
1012,48,198,1487816748,"",0
1013,48,199,1487816748,"",0
1014,48,200,1487816748,"",0
1015,48,201,1487816748,"",0
1016,48,202,1487816748,"",0
1017,48,203,1487816748,"",0
1018,48,204,1487816749,"",0
1019,48,205,1487816749,"",0
1020,49,206,1487816749,"",0
1021,49,207,1487816749,"",0
1022,49,208,1487816749,"",0
1023,49,209,1487816749,"",0
1024,49,210,1487816749,"",0
1025,49,211,1487816749,"",0
1026,49,212,1487816750,"",0
1027,49,213,1487816750,"",0
1028,49,214,1487816750,"",0
1029,49,215,1487816750,"",0
1030,49,216,1487816750,"",0
1031,49,217,1487816750,"",0
1032,49,218,1487816750,"",0
1033,49,219,1487816750,"",0
1034,49,220,1487816750,"",0
1035,49,221,1487816750,"",0
1036,49,222,1487816751,"",0
1037,49,223,1487816751,"",0
1038,49,224,1487816751,"",0
1039,49,225,1487816751,"",0
1040,49,226,1487816751,"",0
1041,49,227,1487816751,"",0
1042,49,228,1487816751,"",0
1043,49,229,1487816751,"",0
1044,49,230,1487816752,"",0
1045,49,231,1487816752,"",0
1046,49,232,1487816752,"",0
1047,49,233,1487816752,"",0
1048,49,234,1487816752,"",0
1049,49,235,1487816752,"",0
1050,50,236,1487816752,"",0
1051,50,237,1487816752,"",0
1052,50,238,1487816752,"",0
1053,50,239,1487816752,"",0
1054,50,240,1487816753,"",0
1055,50,241,1487816753,"",0
1056,50,242,1487816753,"",0
1057,50,243,1487816753,"",0
1058,50,244,1487816753,"",0
1059,50,245,1487816753,"",0
1060,50,246,1487816753,"",0
1061,50,247,1487816753,"",0
1062,50,248,1487816753,"",0
1063,50,249,1487816754,"",0
1064,50,250,1487816754,"",0
1065,50,251,1487816754,"",0
1066,50,252,1487816754,"",0
1067,50,253,1487816754,"",0
1068,50,254,1487816754,"",0
1069,50,255,1487816754,"",0
1070,50,256,1487816755,"",0
1071,50,257,1487816755,"",0
1072,50,258,1487816755,"",0
1073,50,259,1487816755,"",0
1074,50,260,1487816755,"",0
1075,50,261,1487816755,"",0
1076,50,262,1487816755,"",0
1077,50,263,1487816755,"",0
1078,50,264,1487816755,"",0
1079,50,265,1487816756,"",0
1080,50,266,1487816756,"",0
1081,51,902,1487918512,"",0
1082,51,903,1487918513,"",0
1083,51,904,1487918513,"",0
1084,51,905,1487918513,"",0
1085,51,906,1487918513,"",0
1086,51,907,1487918514,"",0
1087,51,908,1487918514,"",0
1088,51,909,1487918514,"",0
1089,51,910,1487918514,"",0
1090,51,911,1487918515,"",0
1091,51,912,1487918515,"",0
1092,51,913,1487918515,"",0
1093,51,914,1487918516,"",0
1094,51,915,1487918516,"",0
1095,51,916,1487918516,"",0
1096,51,917,1487918516,"",0
1097,51,918,1487918517,"",0
1098,51,919,1487918517,"",0
1099,51,920,1487918517,"",0
1100,51,921,1487918517,"",0
1101,51,922,1487918518,"",0
1102,51,923,1487918518,"",0
1103,51,924,1487918518,"",0
1104,51,925,1487918518,"",0
1105,51,926,1487918519,"",0
1106,51,927,1487918519,"",0
1107,51,928,1487918519,"",0
1108,51,929,1487918519,"",0
1109,51,930,1487918520,"",0
1110,51,931,1487918520,"",0
1111,51,932,1487918520,"",0
1112,51,933,1487918520,"",0
1113,51,934,1487918520,"",0
1114,51,935,1487918521,"",0
1115,51,936,1487918521,"",0
1116,51,937,1487918521,"",0
1117,52,938,1487918521,"",0
1118,52,939,1487918522,"",0
1119,52,940,1487918522,"",0
1120,52,941,1487918522,"",0
1121,52,942,1487918522,"",0
1122,52,943,1487918523,"",0
1123,52,944,1487918523,"",0
1124,52,945,1487918523,"",0
1125,52,946,1487918523,"",0
1126,52,947,1487918523,"",0
1127,52,948,1487918524,"",0
1128,52,949,1487918524,"",0
1129,52,950,1487918524,"",0
1130,52,951,1487918525,"",0
1131,52,952,1487918525,"",0
1132,52,953,1487918525,"",0
1133,52,954,1487918525,"",0
1134,52,955,1487918526,"",0
1135,52,956,1487918526,"",0
1136,52,957,1487918526,"",0
1137,52,958,1487918526,"",0
1138,52,959,1487918526,"",0
1139,52,960,1487918527,"",0
1140,52,961,1487918527,"",0
1141,52,962,1487918527,"",0
1142,52,963,1487918527,"",0
1143,52,964,1487918528,"",0
1144,52,965,1487918528,"",0
1145,52,966,1487918528,"",0
1146,52,967,1487918529,"",0
1147,52,968,1487918529,"",0
1148,52,969,1487918529,"",0
1149,52,970,1487918530,"",0
1150,52,971,1487918530,"",0
1151,52,972,1487918530,"",0
1152,52,973,1487918530,"",0
1153,52,974,1487918530,"",0
1154,52,975,1487918531,"",0
1155,52,976,1487918531,"",0
1156,52,977,1487918531,"",0
1157,52,978,1487918532,"",0
1158,52,979,1487918532,"",0
1159,52,980,1487918532,"",0
1160,52,981,1487918533,"",0
1161,52,982,1487918533,"",0
1162,52,983,1487918533,"",0
1163,52,984,1487918533,"",0
1164,52,985,1487918533,"",0
1165,52,986,1487918534,"",0
1166,52,987,1487918534,"",0
1167,52,988,1487918534,"",0
1168,52,989,1487918535,"",0
1169,52,990,1487918535,"",0
1170,52,991,1487918535,"",0
1171,52,992,1487918536,"",0
1172,52,993,1487918536,"",0
1173,52,994,1487918536,"",0
1174,52,995,1487918536,"",0
1175,52,996,1487918537,"",0
1176,52,997,1487918537,"",0
1177,52,998,1487918538,"",0
1178,52,999,1487918538,"",0
1179,52,1000,1487918538,"",0
1180,52,1001,1487918539,"",0
1181,52,1002,1487918539,"",0
1182,52,1003,1487918539,"",0
1183,52,1004,1487918539,"",0
1184,52,1005,1487918540,"",0
1185,52,1006,1487918540,"",0
1186,52,1007,1487918540,"",0
1187,52,1008,1487918540,"",0
1188,52,1009,1487918540,"",0
1189,52,1010,1487918541,"",0
1190,52,1011,1487918541,"",0
1191,52,1012,1487918541,"",0
1192,52,1013,1487918541,"",0
1193,52,1014,1487918542,"",0
1194,52,1015,1487918542,"",0
1195,52,1016,1487918542,"",0
1196,52,1017,1487918542,"",0
1197,52,1018,1487918543,"",0
1198,52,1019,1487918543,"",0
1199,52,1020,1487918543,"",0
1200,52,1021,1487918543,"",0
1201,52,1022,1487918544,"",0
1202,52,1023,1487918544,"",0
1203,52,1024,1487918544,"",0
1204,52,1025,1487918544,"",0
1205,52,1026,1487918545,"",0
1206,52,1027,1487918545,"",0
1207,52,1028,1487918545,"",0
1208,52,1029,1487918545,"",0
1209,52,1030,1487918546,"",0
1210,52,1031,1487918546,"",0
1211,52,1032,1487918546,"",0
1212,52,1033,1487918546,"",0
1213,52,1034,1487918547,"",0
1214,52,1035,1487918547,"",0
1215,52,1036,1487918547,"",0
1216,52,1037,1487918547,"",0
1217,52,1038,1487918548,"",0
1218,52,1039,1487918548,"",0
1219,52,1040,1487918548,"",0
1220,53,1041,1487918549,"",0
1221,53,1042,1487918549,"",0
1222,53,1043,1487918549,"",0
1223,53,1044,1487918549,"",0
1224,53,1045,1487918550,"",0
1225,53,1046,1487918550,"",0
1226,53,1047,1487918550,"",0
1227,53,1048,1487918550,"",0
1228,53,1049,1487918551,"",0
1229,53,1050,1487918551,"",0
1230,53,1051,1487918551,"",0
1231,53,1052,1487918552,"",0
1232,53,1053,1487918552,"",0
1233,53,1054,1487918552,"",0
1234,53,1055,1487918553,"",0
1235,53,1056,1487918553,"",0
1236,53,1057,1487918553,"",0
1237,53,1058,1487918554,"",0
1238,53,1059,1487918554,"",0
1239,53,1060,1487918554,"",0
1240,53,1061,1487918554,"",0
1241,53,1062,1487918554,"",0
1242,53,1063,1487918555,"",0
1243,53,1064,1487918555,"",0
1244,53,1065,1487918555,"",0
1245,53,1066,1487918556,"",0
1246,53,1067,1487918556,"",0
1247,53,1068,1487918556,"",0
1248,53,1069,1487918556,"",0
1249,53,1070,1487918557,"",0
1250,53,1071,1487918557,"",0
1251,53,1072,1487918557,"",0
1252,53,1073,1487918558,"",0
1253,53,1074,1487918558,"",0
1254,53,1075,1487918558,"",0
1255,53,1076,1487918559,"",0
1256,53,1077,1487918559,"",0
1257,54,1078,1487918559,"",0
1258,54,1079,1487918559,"",0
1259,54,1080,1487918559,"",0
1260,54,1081,1487918560,"",0
1261,54,1082,1487918560,"",0
1262,54,1083,1487918560,"",0
1263,54,1084,1487918560,"",0
1264,54,1085,1487918561,"",0
1265,54,1086,1487918561,"",0
1266,54,1087,1487918561,"",0
1267,54,1088,1487918561,"",0
1268,54,1089,1487918562,"",0
1269,54,1090,1487918562,"",0
1270,54,1091,1487918562,"",0
1271,54,1092,1487918562,"",0
1272,54,1093,1487918563,"",0
1273,54,1094,1487918563,"",0
1274,54,1095,1487918563,"",0
1275,54,1096,1487918563,"",0
1276,54,1097,1487918564,"",0
1277,54,1098,1487918564,"",0
1278,54,1099,1487918564,"",0
1279,54,1100,1487918564,"",0
1280,54,1101,1487918565,"",0
1281,54,1102,1487918565,"",0
1282,54,1103,1487918566,"",0
1283,54,1104,1487918566,"",0
1284,54,1105,1487918566,"",0
1285,54,1106,1487918566,"",0
1286,54,1107,1487918567,"",0
1287,54,1108,1487918567,"",0
1288,54,1109,1487918567,"",0
1289,54,1110,1487918567,"",0
1290,54,1111,1487918568,"",0
1291,54,1112,1487918568,"",0
1292,54,1113,1487918568,"",0
1293,54,1114,1487918568,"",0
1294,54,1115,1487918569,"",0
1295,54,1116,1487918569,"",0
1296,54,1117,1487918569,"",0
1297,54,1118,1487918569,"",0
1298,54,1119,1487918570,"",0
1299,54,1120,1487918570,"",0
1300,54,1121,1487918570,"",0
1301,54,1122,1487918570,"",0
1302,54,1123,1487918571,"",0
1303,54,1124,1487918571,"",0
1304,54,1125,1487918571,"",0
1305,54,1126,1487918571,"",0
1306,54,1127,1487918572,"",0
1307,54,1128,1487918572,"",0
1308,54,1129,1487918572,"",0
1309,54,1130,1487918573,"",0
1310,54,1131,1487918573,"",0
1311,54,1132,1487918573,"",0
1312,54,1133,1487918573,"",0
1313,54,1134,1487918573,"",0
1314,54,1135,1487918574,"",0
1315,54,1136,1487918574,"",0
1316,54,1137,1487918574,"",0
1317,54,1138,1487918575,"",0
1318,54,1139,1487918575,"",0
1319,54,1140,1487918575,"",0
1320,54,1141,1487918575,"",0
1321,54,1142,1487918576,"",0
1322,54,1143,1487918576,"",0
1323,54,1144,1487918576,"",0
1324,54,1145,1487918576,"",0
1325,55,1146,1487918576,"",0
1326,55,1147,1487918577,"",0
1327,55,1148,1487918577,"",0
1328,55,1149,1487918577,"",0
1329,55,1150,1487918578,"",0
1330,55,1151,1487918578,"",0
1331,55,1152,1487918578,"",0
1332,55,1153,1487918578,"",0
1333,55,1154,1487918579,"",0
1334,55,1155,1487918579,"",0
1335,55,1156,1487918579,"",0
1336,55,1157,1487918579,"",0
1337,55,1158,1487918579,"",0
1338,55,1159,1487918580,"",0
1339,55,1160,1487918580,"",0
1340,55,1161,1487918580,"",0
1341,55,1162,1487918580,"",0
1342,55,1163,1487918581,"",0
1343,55,1164,1487918581,"",0
1344,55,1165,1487918581,"",0
1345,55,1166,1487918581,"",0
1346,55,1167,1487918582,"",0
1347,55,1168,1487918582,"",0
1348,55,1169,1487918582,"",0
1349,55,1170,1487918582,"",0
1350,55,1171,1487918582,"",0
1351,55,1172,1487918583,"",0
1352,55,1173,1487918583,"",0
1353,55,1174,1487918583,"",0
1354,55,1175,1487918584,"",0
1355,55,1176,1487918584,"",0
1356,55,1177,1487918584,"",0
1357,56,1179,1487926370,"",0
1358,56,1180,1487926370,"",0
1359,56,1181,1487926370,"",0
1360,56,1182,1487926370,"",0
1361,56,1183,1487926370,"",0
1362,56,1184,1487926371,"",0
1363,56,1185,1487926371,"",0
1364,56,1186,1487926371,"",0
1365,56,1187,1487926371,"",0
1366,56,1188,1487926371,"",0
1367,56,1189,1487926372,"",0
1368,56,1190,1487926372,"",0
1369,56,1191,1487926372,"",0
1370,56,1192,1487926373,"",0
1371,56,1193,1487926373,"",0
1372,56,1194,1487926373,"",0
1373,56,1195,1487926373,"",0
1374,56,1196,1487926373,"",0
1375,56,1197,1487926374,"",0
1376,56,1198,1487926374,"",0
1377,56,1199,1487926374,"",0
1378,56,1200,1487926374,"",0
1379,56,1201,1487926375,"",0
1380,56,1202,1487926375,"",0
1381,56,1203,1487926375,"",0
1382,56,1204,1487926375,"",0
1383,56,1205,1487926376,"",0
1384,56,1206,1487926376,"",0
1385,56,1207,1487926376,"",0
1386,56,1208,1487926376,"",0
1387,56,1209,1487926376,"",0
1388,56,1210,1487926377,"",0
1389,56,1211,1487926377,"",0
1390,56,1212,1487926377,"",0
1391,56,1213,1487926377,"",0
1392,57,1214,1487926378,"",0
1393,57,1215,1487926378,"",0
1394,57,1216,1487926378,"",0
1395,57,1217,1487926379,"",0
1396,57,1218,1487926379,"",0
1397,57,1219,1487926379,"",0
1398,57,1220,1487926380,"",0
1399,57,1221,1487926380,"",0
1400,57,1222,1487926380,"",0
1401,57,1223,1487926380,"",0
1402,57,1224,1487926380,"",0
1403,57,1225,1487926381,"",0
1404,57,1226,1487926381,"",0
1405,57,1227,1487926381,"",0
1406,57,1228,1487926382,"",0
1407,57,1229,1487926382,"",0
1408,57,1230,1487926382,"",0
1409,57,1231,1487926382,"",0
1410,57,1232,1487926383,"",0
1411,57,1233,1487926383,"",0
1412,57,1234,1487926383,"",0
1413,57,1235,1487926383,"",0
1414,57,1236,1487926384,"",0
1415,57,1237,1487926384,"",0
1416,57,1238,1487926384,"",0
1417,57,1239,1487926384,"",0
1418,57,1240,1487926385,"",0
1419,57,1241,1487926385,"",0
1420,57,1242,1487926385,"",0
1421,57,1243,1487926386,"",0
1422,57,1244,1487926386,"",0
1423,57,1245,1487926386,"",0
1424,57,1246,1487926386,"",0
1425,57,1247,1487926386,"",0
1426,57,1248,1487926387,"",0
1427,58,1249,1487926387,"",0
1428,58,1250,1487926387,"",0
1429,58,1251,1487926387,"",0
1430,58,1252,1487926388,"",0
1431,58,1253,1487926388,"",0
1432,58,1254,1487926388,"",0
1433,58,1255,1487926389,"",0
1434,58,1256,1487926389,"",0
1435,58,1257,1487926389,"",0
1436,58,1258,1487926389,"",0
1437,58,1259,1487926390,"",0
1438,58,1260,1487926390,"",0
1439,58,1261,1487926390,"",0
1440,58,1262,1487926390,"",0
1441,58,1263,1487926390,"",0
1442,58,1264,1487926391,"",0
1443,58,1265,1487926391,"",0
1444,58,1266,1487926392,"",0
1445,58,1267,1487926392,"",0
1446,58,1268,1487926392,"",0
1447,58,1269,1487926392,"",0
1448,58,1270,1487926392,"",0
1449,58,1271,1487926393,"",0
1450,58,1272,1487926393,"",0
1451,58,1273,1487926393,"",0
1452,58,1274,1487926393,"",0
1453,58,1275,1487926394,"",0
1454,58,1276,1487926394,"",0
1455,58,1277,1487926394,"",0
1456,58,1278,1487926395,"",0
1457,58,1279,1487926395,"",0
1458,58,1280,1487926395,"",0
1459,58,1281,1487926395,"",0
1460,58,1282,1487926396,"",0
1461,58,1283,1487926396,"",0
1462,59,1284,1487926396,"",0
1463,59,1285,1487926396,"",0
1464,59,1286,1487926397,"",0
1465,59,1287,1487926397,"",0
1466,59,1288,1487926397,"",0
1467,59,1289,1487926397,"",0
1468,59,1290,1487926398,"",0
1469,59,1291,1487926398,"",0
1470,59,1292,1487926398,"",0
1471,59,1293,1487926398,"",0
1472,59,1294,1487926399,"",0
1473,59,1295,1487926399,"",0
1474,59,1296,1487926399,"",0
1475,59,1297,1487926399,"",0
1476,59,1298,1487926399,"",0
1477,59,1299,1487926400,"",0
1478,59,1300,1487926400,"",0
1479,59,1301,1487926401,"",0
1480,59,1302,1487926401,"",0
1481,59,1303,1487926401,"",0
1482,59,1304,1487926402,"",0
1483,59,1305,1487926402,"",0
1484,59,1306,1487926402,"",0
1485,59,1307,1487926402,"",0
1486,59,1308,1487926402,"",0
1487,59,1309,1487926403,"",0
1488,59,1310,1487926403,"",0
1489,59,1311,1487926403,"",0
1490,59,1312,1487926403,"",0
1491,59,1313,1487926403,"",0
1492,59,1314,1487926403,"",0
1493,59,1315,1487926404,"",0
1494,59,1316,1487926404,"",0
1495,59,1317,1487926404,"",0
1496,59,1318,1487926404,"",0
1497,60,1319,1487926405,"",0
1498,60,1320,1487926405,"",0
1499,60,1321,1487926405,"",0
1500,60,1322,1487926405,"",0
1501,60,1323,1487926405,"",0
1502,60,1324,1487926406,"",0
1503,60,1325,1487926406,"",0
1504,60,1326,1487926406,"",0
1505,60,1327,1487926406,"",0
1506,60,1328,1487926407,"",0
1507,60,1329,1487926407,"",0
1508,60,1330,1487926407,"",0
1509,60,1331,1487926407,"",0
1510,60,1332,1487926407,"",0
1511,60,1333,1487926408,"",0
1512,60,1334,1487926408,"",0
1513,60,1335,1487926408,"",0
1514,60,1336,1487926408,"",0
1515,60,1337,1487926408,"",0
1516,60,1338,1487926409,"",0
1517,60,1339,1487926409,"",0
1518,60,1340,1487926409,"",0
1519,60,1341,1487926410,"",0
1520,60,1342,1487926410,"",0
1521,60,1343,1487926410,"",0
1522,60,1344,1487926410,"",0
1523,60,1345,1487926410,"",0
1524,60,1346,1487926411,"",0
1525,60,1347,1487926411,"",0
1526,60,1348,1487926411,"",0
1527,60,1349,1487926412,"",0
1528,60,1350,1487926412,"",0
1529,60,1351,1487926412,"",0
1530,60,1352,1487926412,"",0
1531,60,1353,1487926413,"",0
1532,60,1354,1487926413,"",0
1533,60,1355,1487926413,"",0
1534,60,1356,1487926413,"",0
1535,60,1357,1487926414,"",0
1536,61,1358,1487926414,"",0
1537,61,1359,1487926414,"",0
1538,61,1360,1487926414,"",0
1539,61,1361,1487926415,"",0
1540,61,1362,1487926415,"",0
1541,61,1363,1487926415,"",0
1542,61,1364,1487926415,"",0
1543,61,1365,1487926416,"",0
1544,61,1366,1487926416,"",0
1545,61,1367,1487926416,"",0
1546,61,1368,1487926417,"",0
1547,61,1369,1487926417,"",0
1548,61,1370,1487926417,"",0
1549,61,1371,1487926417,"",0
1550,61,1372,1487926418,"",0
1551,61,1373,1487926418,"",0
1552,61,1374,1487926418,"",0
1553,61,1375,1487926418,"",0
1554,61,1376,1487926418,"",0
1555,61,1377,1487926419,"",0
1556,61,1378,1487926419,"",0
1557,61,1379,1487926420,"",0
1558,61,1380,1487926420,"",0
1559,61,1381,1487926420,"",0
1560,61,1382,1487926420,"",0
1561,61,1383,1487926421,"",0
1562,61,1384,1487926421,"",0
1563,61,1385,1487926421,"",0
1564,61,1386,1487926422,"",0
1565,61,1387,1487926422,"",0
1566,61,1388,1487926422,"",0
1567,61,1389,1487926422,"",0
1568,61,1390,1487926423,"",0
1569,61,1391,1487926423,"",0
1570,61,1392,1487926423,"",0
1571,61,1393,1487926423,"",0
1572,61,1394,1487926424,"",0
1573,62,269,1487987096,"",0
1574,62,270,1487987096,"",0
1575,62,271,1487987097,"",0
1576,62,272,1487987097,"",0
1577,62,273,1487987097,"",0
1578,62,274,1487987098,"",0
1579,62,275,1487987098,"",0
1580,62,276,1487987098,"",0
1581,62,277,1487987098,"",0
1582,62,278,1487987098,"",0
1583,62,279,1487987098,"",0
1584,62,280,1487987098,"",0
1585,62,281,1487987098,"",0
1586,62,282,1487987098,"",0
1587,62,283,1487987098,"",0
1588,62,284,1487987098,"",0
1589,62,285,1487987099,"",0
1590,62,286,1487987099,"",0
1591,62,287,1487987099,"",0
1592,62,288,1487987099,"",0
1593,62,289,1487987099,"",0
1594,62,290,1487987099,"",0
1595,62,291,1487987100,"",0
1596,62,292,1487987100,"",0
1597,62,293,1487987100,"",0
1598,62,294,1487987100,"",0
1599,62,295,1487987100,"",0
1600,62,296,1487987101,"",0
1601,62,297,1487987101,"",0
1602,62,298,1487987101,"",0
1603,62,299,1487987101,"",0
1604,62,300,1487987101,"",0
1605,62,301,1487987101,"",0
1606,62,302,1487987102,"",0
1607,62,303,1487987102,"",0
1608,63,304,1487987102,"",0
1609,63,305,1487987102,"",0
1610,63,306,1487987102,"",0
1611,63,307,1487987102,"",0
1612,63,308,1487987102,"",0
1613,63,309,1487987102,"",0
1614,63,310,1487987103,"",0
1615,63,311,1487987103,"",0
1616,63,312,1487987103,"",0
1617,63,313,1487987103,"",0
1618,63,314,1487987103,"",0
1619,63,315,1487987104,"",0
1620,63,316,1487987104,"",0
1621,63,317,1487987104,"",0
1622,63,318,1487987104,"",0
1623,63,319,1487987104,"",0
1624,63,320,1487987104,"",0
1625,63,321,1487987104,"",0
1626,63,322,1487987104,"",0
1627,63,323,1487987105,"",0
1628,63,324,1487987105,"",0
1629,63,325,1487987105,"",0
1630,63,326,1487987105,"",0
1631,63,327,1487987105,"",0
1632,63,328,1487987106,"",0
1633,63,329,1487987106,"",0
1634,63,330,1487987106,"",0
1635,63,331,1487987106,"",0
1636,63,332,1487987106,"",0
1637,63,333,1487987106,"",0
1638,63,334,1487987106,"",0
1639,63,335,1487987107,"",0
1640,63,336,1487987107,"",0
1641,63,337,1487987107,"",0
1642,63,338,1487987107,"",0
1643,64,339,1487987107,"",0
1644,64,340,1487987107,"",0
1645,64,341,1487987108,"",0
1646,64,342,1487987108,"",0
1647,64,343,1487987108,"",0
1648,64,344,1487987108,"",0
1649,64,345,1487987108,"",0
1650,64,346,1487987108,"",0
1651,64,347,1487987108,"",0
1652,64,348,1487987108,"",0
1653,64,349,1487987108,"",0
1654,64,350,1487987109,"",0
1655,64,351,1487987109,"",0
1656,64,352,1487987109,"",0
1657,64,353,1487987109,"",0
1658,64,354,1487987109,"",0
1659,64,355,1487987110,"",0
1660,64,356,1487987110,"",0
1661,64,357,1487987110,"",0
1662,64,358,1487987110,"",0
1663,64,359,1487987110,"",0
1664,64,360,1487987111,"",0
1665,64,361,1487987112,"",0
1666,64,362,1487987112,"",0
1667,64,363,1487987112,"",0
1668,64,364,1487987112,"",0
1669,64,365,1487987112,"",0
1670,64,366,1487987112,"",0
1671,64,367,1487987112,"",0
1672,64,368,1487987112,"",0
1673,64,369,1487987113,"",0
1674,64,370,1487987113,"",0
1675,64,371,1487987113,"",0
1676,64,372,1487987113,"",0
1677,64,373,1487987113,"",0
1678,64,374,1487987113,"",0
1679,65,375,1487987113,"",0
1680,65,376,1487987113,"",0
1681,65,377,1487987113,"",0
1682,65,378,1487987113,"",0
1683,65,379,1487987114,"",0
1684,65,380,1487987114,"",0
1685,65,381,1487987114,"",0
1686,65,382,1487987114,"",0
1687,65,383,1487987114,"",0
1688,65,384,1487987114,"",0
1689,65,385,1487987115,"",0
1690,65,386,1487987115,"",0
1691,65,387,1487987115,"",0
1692,65,388,1487987115,"",0
1693,65,389,1487987115,"",0
1694,65,390,1487987115,"",0
1695,65,391,1487987115,"",0
1696,65,392,1487987116,"",0
1697,65,393,1487987116,"",0
1698,65,394,1487987116,"",0
1699,65,395,1487987116,"",0
1700,65,396,1487987116,"",0
1701,65,397,1487987116,"",0
1702,65,398,1487987116,"",0
1703,65,399,1487987116,"",0
1704,65,400,1487987116,"",0
1705,65,401,1487987117,"",0
1706,65,402,1487987117,"",0
1707,65,403,1487987117,"",0
1708,65,404,1487987117,"",0
1709,65,405,1487987117,"",0
1710,65,406,1487987117,"",0
1711,65,407,1487987117,"",0
1712,65,408,1487987117,"",0
1713,65,409,1487987117,"",0
1714,65,410,1487987118,"",0
1715,66,411,1487987118,"",0
1716,66,412,1487987118,"",0
1717,66,413,1487987118,"",0
1718,66,414,1487987118,"",0
1719,66,415,1487987118,"",0
1720,66,416,1487987118,"",0
1721,66,417,1487987118,"",0
1722,66,418,1487987118,"",0
1723,66,419,1487987119,"",0
1724,66,420,1487987119,"",0
1725,66,421,1487987119,"",0
1726,66,422,1487987119,"",0
1727,66,423,1487987119,"",0
1728,66,424,1487987119,"",0
1729,66,425,1487987119,"",0
1730,66,426,1487987119,"",0
1731,66,427,1487987120,"",0
1732,66,428,1487987120,"",0
1733,66,429,1487987120,"",0
1734,66,430,1487987120,"",0
1735,66,431,1487987120,"",0
1736,66,432,1487987120,"",0
1737,66,433,1487987120,"",0
1738,66,434,1487987120,"",0
1739,66,435,1487987121,"",0
1740,66,436,1487987121,"",0
1741,66,437,1487987121,"",0
1742,66,438,1487987121,"",0
1743,66,439,1487987121,"",0
1744,66,440,1487987121,"",0
1745,66,441,1487987121,"",0
1746,66,442,1487987121,"",0
1747,66,443,1487987121,"",0
1748,66,444,1487987121,"",0
1749,66,445,1487987122,"",0
1750,66,446,1487987122,"",0
1751,66,447,1487987122,"",0
1752,66,448,1487987122,"",0
1753,67,449,1487987122,"",0
1754,67,450,1487987122,"",0
1755,67,451,1487987123,"",0
1756,67,452,1487987123,"",0
1757,67,453,1487987123,"",0
1758,67,454,1487987123,"",0
1759,67,455,1487987123,"",0
1760,67,456,1487987123,"",0
1761,67,457,1487987123,"",0
1762,67,458,1487987123,"",0
1763,67,459,1487987123,"",0
1764,67,460,1487987124,"",0
1765,67,461,1487987124,"",0
1766,67,462,1487987124,"",0
1767,67,463,1487987124,"",0
1768,67,464,1487987124,"",0
1769,67,465,1487987124,"",0
1770,67,466,1487987124,"",0
1771,67,467,1487987124,"",0
1772,67,468,1487987125,"",0
1773,67,469,1487987125,"",0
1774,67,470,1487987125,"",0
1775,67,471,1487987125,"",0
1776,67,472,1487987125,"",0
1777,67,473,1487987125,"",0
1778,67,474,1487987125,"",0
1779,67,475,1487987125,"",0
1780,67,476,1487987125,"",0
1781,67,477,1487987126,"",0
1782,67,478,1487987126,"",0
1783,67,479,1487987126,"",0
1784,67,480,1487987126,"",0
1785,67,481,1487987126,"",0
1786,67,482,1487987126,"",0
1787,67,483,1487987127,"",0
1788,67,484,1487987127,"",0
1789,67,485,1487987127,"",0
1790,68,486,1487987127,"",0
1791,68,487,1487987127,"",0
1792,68,488,1487987127,"",0
1793,68,489,1487987127,"",0
1794,68,490,1487987127,"",0
1795,68,491,1487987127,"",0
1796,68,492,1487987128,"",0
1797,68,493,1487987128,"",0
1798,68,494,1487987128,"",0
1799,68,495,1487987128,"",0
1800,68,496,1487987128,"",0
1801,68,497,1487987128,"",0
1802,68,498,1487987128,"",0
1803,68,499,1487987128,"",0
1804,68,500,1487987129,"",0
1805,68,501,1487987129,"",0
1806,68,502,1487987129,"",0
1807,68,503,1487987129,"",0
1808,68,504,1487987129,"",0
1809,68,505,1487987129,"",0
1810,68,506,1487987129,"",0
1811,68,507,1487987129,"",0
1812,68,508,1487987129,"",0
1813,68,509,1487987130,"",0
1814,68,510,1487987130,"",0
1815,68,511,1487987130,"",0
1816,68,512,1487987130,"",0
1817,68,513,1487987130,"",0
1818,68,514,1487987130,"",0
1819,68,515,1487987130,"",0
1820,68,516,1487987130,"",0
1821,68,517,1487987131,"",0
1822,68,518,1487987131,"",0
1823,68,519,1487987131,"",0
1824,68,520,1487987131,"",0
1825,68,521,1487987131,"",0
1826,68,522,1487987131,"",0
1827,68,523,1487987131,"",0
1828,68,524,1487987131,"",0
1829,69,525,1487987131,"",0
1830,69,526,1487987132,"",0
1831,69,527,1487987132,"",0
1832,69,528,1487987132,"",0
1833,69,529,1487987132,"",0
1834,69,530,1487987132,"",0
1835,69,531,1487987132,"",0
1836,69,532,1487987132,"",0
1837,69,533,1487987133,"",0
1838,69,534,1487987133,"",0
1839,69,535,1487987133,"",0
1840,69,536,1487987133,"",0
1841,69,537,1487987133,"",0
1842,69,538,1487987133,"",0
1843,69,539,1487987133,"",0
1844,69,540,1487987133,"",0
1845,69,541,1487987133,"",0
1846,69,542,1487987133,"",0
1847,69,543,1487987134,"",0
1848,69,544,1487987134,"",0
1849,69,545,1487987134,"",0
1850,69,546,1487987134,"",0
1851,69,547,1487987134,"",0
1852,69,548,1487987134,"",0
1853,69,549,1487987134,"",0
1854,69,550,1487987135,"",0
1855,69,551,1487987135,"",0
1856,69,552,1487987135,"",0
1857,69,553,1487987135,"",0
1858,69,554,1487987135,"",0
1859,69,555,1487987135,"",0
1860,69,556,1487987135,"",0
1861,69,557,1487987135,"",0
1862,69,558,1487987136,"",0
1863,69,559,1487987136,"",0
1864,69,560,1487987136,"",0
1865,69,561,1487987136,"",0
1866,69,562,1487987136,"",0
1867,69,563,1487987136,"",0
1868,69,564,1487987136,"",0
1869,70,719,1487987136,"",0
1870,70,720,1487987136,"",0
1871,70,721,1487987137,"",0
1872,70,722,1487987137,"",0
1873,70,723,1487987137,"",0
1874,70,724,1487987137,"",0
1875,70,725,1487987137,"",0
1876,70,726,1487987137,"",0
1877,70,727,1487987137,"",0
1878,70,728,1487987137,"",0
1879,70,729,1487987137,"",0
1880,70,730,1487987137,"",0
1881,70,731,1487987137,"",0
1882,70,732,1487987138,"",0
1883,70,733,1487987138,"",0
1884,70,734,1487987138,"",0
1885,70,735,1487987138,"",0
1886,70,736,1487987138,"",0
1887,70,737,1487987138,"",0
1888,70,738,1487987138,"",0
1889,70,739,1487987138,"",0
1890,70,740,1487987139,"",0
1891,70,741,1487987139,"",0
1892,70,742,1487987139,"",0
1893,70,743,1487987139,"",0
1894,70,744,1487987139,"",0
1895,70,745,1487987139,"",0
1896,70,746,1487987139,"",0
1897,70,747,1487987139,"",0
1898,70,748,1487987139,"",0
1899,70,749,1487987139,"",0
1900,70,750,1487987139,"",0
1901,70,751,1487987140,"",0
1902,70,752,1487987140,"",0
1903,70,753,1487987140,"",0
1904,71,754,1487987140,"",0
1905,71,755,1487987140,"",0
1906,71,756,1487987140,"",0
1907,71,757,1487987140,"",0
1908,71,758,1487987140,"",0
1909,71,759,1487987141,"",0
1910,71,760,1487987141,"",0
1911,71,761,1487987141,"",0
1912,71,762,1487987141,"",0
1913,71,763,1487987141,"",0
1914,71,764,1487987141,"",0
1915,71,765,1487987141,"",0
1916,71,766,1487987141,"",0
1917,71,767,1487987142,"",0
1918,71,768,1487987142,"",0
1919,71,769,1487987142,"",0
1920,71,770,1487987142,"",0
1921,71,771,1487987142,"",0
1922,71,772,1487987142,"",0
1923,71,773,1487987143,"",0
1924,71,774,1487987143,"",0
1925,71,775,1487987143,"",0
1926,71,776,1487987143,"",0
1927,71,777,1487987143,"",0
1928,71,778,1487987143,"",0
1929,71,779,1487987143,"",0
1930,71,780,1487987144,"",0
1931,71,781,1487987144,"",0
1932,71,782,1487987144,"",0
1933,71,783,1487987144,"",0
1934,71,784,1487987144,"",0
1935,71,785,1487987144,"",0
1936,71,786,1487987144,"",0
1937,71,787,1487987145,"",0
1938,71,788,1487987145,"",0
1939,72,789,1487987145,"",0
1940,72,790,1487987145,"",0
1941,72,791,1487987145,"",0
1942,72,792,1487987145,"",0
1943,72,793,1487987145,"",0
1944,72,794,1487987146,"",0
1945,72,795,1487987146,"",0
1946,72,796,1487987146,"",0
1947,72,797,1487987146,"",0
1948,72,798,1487987146,"",0
1949,72,799,1487987146,"",0
1950,72,800,1487987146,"",0
1951,72,801,1487987146,"",0
1952,72,802,1487987147,"",0
1953,72,803,1487987147,"",0
1954,72,804,1487987147,"",0
1955,72,805,1487987147,"",0
1956,72,806,1487987147,"",0
1957,72,807,1487987148,"",0
1958,72,808,1487987148,"",0
1959,72,809,1487987148,"",0
1960,72,810,1487987148,"",0
1961,72,811,1487987148,"",0
1962,72,812,1487987148,"",0
1963,72,813,1487987148,"",0
1964,72,814,1487987148,"",0
1965,72,815,1487987148,"",0
1966,72,816,1487987148,"",0
1967,72,817,1487987148,"",0
1968,72,818,1487987149,"",0
1969,72,819,1487987149,"",0
1970,72,820,1487987149,"",0
1971,72,821,1487987149,"",0
1972,72,822,1487987149,"",0
1973,72,823,1487987150,"",0
1974,72,824,1487987150,"",0
1975,73,825,1487987150,"",0
1976,73,826,1487987150,"",0
1977,73,827,1487987150,"",0
1978,73,828,1487987150,"",0
1979,73,829,1487987150,"",0
1980,73,830,1487987150,"",0
1981,73,831,1487987150,"",0
1982,73,832,1487987150,"",0
1983,73,833,1487987150,"",0
1984,73,834,1487987151,"",0
1985,73,835,1487987151,"",0
1986,73,836,1487987151,"",0
1987,73,837,1487987151,"",0
1988,73,838,1487987151,"",0
1989,73,839,1487987151,"",0
1990,73,840,1487987152,"",0
1991,73,841,1487987152,"",0
1992,73,842,1487987152,"",0
1993,73,843,1487987152,"",0
1994,73,844,1487987152,"",0
1995,73,845,1487987152,"",0
1996,73,846,1487987152,"",0
1997,73,847,1487987152,"",0
1998,73,848,1487987152,"",0
1999,73,849,1487987152,"",0
2000,73,850,1487987153,"",0
2001,73,851,1487987153,"",0
2002,73,852,1487987153,"",0
2003,73,853,1487987153,"",0
2004,73,854,1487987153,"",0
2005,73,855,1487987153,"",0
2006,73,856,1487987153,"",0
2007,73,857,1487987154,"",0
2008,73,858,1487987154,"",0
2009,73,859,1487987154,"",0
2010,73,860,1487987154,"",0
2011,73,861,1487987154,"",0
2012,74,565,1487987154,"",0
2013,74,566,1487987154,"",0
2014,74,567,1487987154,"",0
2015,74,568,1487987155,"",0
2016,74,569,1487987155,"",0
2017,74,570,1487987155,"",0
2018,74,571,1487987155,"",0
2019,74,572,1487987155,"",0
2020,74,573,1487987155,"",0
2021,74,574,1487987155,"",0
2022,74,575,1487987155,"",0
2023,74,576,1487987155,"",0
2024,74,577,1487987156,"",0
2025,74,578,1487987156,"",0
2026,74,579,1487987156,"",0
2027,74,580,1487987156,"",0
2028,74,581,1487987156,"",0
2029,74,582,1487987156,"",0
2030,74,583,1487987156,"",0
2031,74,584,1487987156,"",0
2032,74,585,1487987157,"",0
2033,74,586,1487987157,"",0
2034,74,587,1487987158,"",0
2035,74,588,1487987158,"",0
2036,74,589,1487987158,"",0
2037,74,590,1487987158,"",0
2038,74,591,1487987158,"",0
2039,74,592,1487987158,"",0
2040,74,593,1487987158,"",0
2041,74,594,1487987158,"",0
2042,74,595,1487987158,"",0
2043,74,596,1487987159,"",0
2044,74,597,1487987159,"",0
2045,74,598,1487987159,"",0
2046,74,599,1487987159,"",0
2047,74,600,1487987159,"",0
2048,74,601,1487987159,"",0
2049,75,602,1487987159,"",0
2050,75,603,1487987159,"",0
2051,75,604,1487987160,"",0
2052,75,605,1487987160,"",0
2053,75,606,1487987160,"",0
2054,75,607,1487987160,"",0
2055,75,608,1487987160,"",0
2056,75,609,1487987160,"",0
2057,75,610,1487987160,"",0
2058,75,611,1487987160,"",0
2059,75,612,1487987160,"",0
2060,75,613,1487987160,"",0
2061,75,614,1487987161,"",0
2062,75,615,1487987161,"",0
2063,75,616,1487987161,"",0
2064,75,617,1487987161,"",0
2065,75,618,1487987161,"",0
2066,75,619,1487987162,"",0
2067,75,620,1487987162,"",0
2068,75,621,1487987162,"",0
2069,75,622,1487987162,"",0
2070,75,623,1487987162,"",0
2071,75,624,1487987162,"",0
2072,75,625,1487987162,"",0
2073,75,626,1487987162,"",0
2074,75,627,1487987163,"",0
2075,75,628,1487987163,"",0
2076,75,629,1487987163,"",0
2077,75,630,1487987163,"",0
2078,75,631,1487987163,"",0
2079,75,632,1487987163,"",0
2080,75,633,1487987163,"",0
2081,75,634,1487987164,"",0
2082,75,635,1487987164,"",0
2083,75,636,1487987164,"",0
2084,75,637,1487987164,"",0
2085,75,638,1487987165,"",0
2086,75,639,1487987165,"",0
2087,76,640,1487987165,"",0
2088,76,641,1487987165,"",0
2089,76,642,1487987165,"",0
2090,76,643,1487987165,"",0
2091,76,644,1487987165,"",0
2092,76,645,1487987165,"",0
2093,76,646,1487987165,"",0
2094,76,647,1487987166,"",0
2095,76,648,1487987166,"",0
2096,76,649,1487987166,"",0
2097,76,650,1487987166,"",0
2098,76,651,1487987166,"",0
2099,76,652,1487987166,"",0
2100,76,653,1487987166,"",0
2101,76,654,1487987167,"",0
2102,76,655,1487987167,"",0
2103,76,656,1487987167,"",0
2104,76,657,1487987167,"",0
2105,76,658,1487987167,"",0
2106,76,659,1487987167,"",0
2107,76,660,1487987167,"",0
2108,76,661,1487987167,"",0
2109,76,662,1487987168,"",0
2110,76,663,1487987168,"",0
2111,76,664,1487987168,"",0
2112,76,665,1487987168,"",0
2113,76,666,1487987168,"",0
2114,76,667,1487987168,"",0
2115,76,668,1487987168,"",0
2116,76,669,1487987168,"",0
2117,76,670,1487987168,"",0
2118,76,671,1487987169,"",0
2119,76,672,1487987169,"",0
2120,76,673,1487987169,"",0
2121,76,674,1487987169,"",0
2122,76,675,1487987169,"",0
2123,76,676,1487987169,"",0
2124,76,677,1487987169,"",0
2125,76,678,1487987169,"",0
2126,77,679,1487987169,"",0
2127,77,680,1487987170,"",0
2128,77,681,1487987170,"",0
2129,77,682,1487987170,"",0
2130,77,683,1487987170,"",0
2131,77,684,1487987170,"",0
2132,77,685,1487987170,"",0
2133,77,686,1487987171,"",0
2134,77,687,1487987171,"",0
2135,77,688,1487987172,"",0
2136,77,689,1487987172,"",0
2137,77,690,1487987172,"",0
2138,77,691,1487987172,"",0
2139,77,692,1487987172,"",0
2140,77,693,1487987172,"",0
2141,77,694,1487987172,"",0
2142,77,695,1487987172,"",0
2143,77,696,1487987172,"",0
2144,77,697,1487987173,"",0
2145,77,698,1487987173,"",0
2146,77,699,1487987173,"",0
2147,77,700,1487987173,"",0
2148,77,701,1487987173,"",0
2149,77,702,1487987173,"",0
2150,77,703,1487987173,"",0
2151,77,704,1487987173,"",0
2152,77,705,1487987174,"",0
2153,77,706,1487987174,"",0
2154,77,707,1487987174,"",0
2155,77,708,1487987174,"",0
2156,77,709,1487987174,"",0
2157,77,710,1487987174,"",0
2158,77,711,1487987174,"",0
2159,77,712,1487987174,"",0
2160,77,713,1487987175,"",0
2161,77,714,1487987175,"",0
2162,77,715,1487987175,"",0
2163,77,716,1487987175,"",0
2164,77,717,1487987175,"",0
2165,77,718,1487987175,"",0
2166,76,863,1487987175,"",0
2167,78,865,1487987221,"",0
2168,78,866,1487987221,"",0
2169,79,1396,1490190534,"",0
2170,80,1397,1490190535,"",0
2171,81,1398,1490190535,"",0
2172,80,1399,1490190535,"",0
2173,82,1459,1497840384,"",0
2174,82,1460,1497840384,"",0
2175,82,1461,1497840384,"",0
2176,82,1462,1497840384,"",0
2177,82,1463,1497840384,"",0
2178,82,1464,1497840384,"",0
2179,82,1465,1497840384,"",0
2180,82,1466,1497840384,"",0
2181,82,1467,1497840384,"",0
2182,82,1468,1497840384,"",0
2183,82,1469,1497840384,"",0
2184,82,1470,1497840384,"",0
2185,82,1471,1497840384,"",0
2186,82,1472,1497840384,"",0
2187,82,1473,1497840384,"",0
2188,83,1474,1497840384,"",0
2189,83,1475,1497840384,"",0
2190,83,1476,1497840384,"",0
2191,83,1477,1497840384,"",0
2192,83,1478,1497840384,"",0
2193,83,1479,1497840384,"",0
2194,83,1480,1497840384,"",0
2195,83,1481,1497840384,"",0
2196,83,1482,1497840385,"",0
2197,83,1483,1497840385,"",0
2198,83,1484,1497840385,"",0
2199,83,1485,1497840385,"",0
2200,83,1486,1497840385,"",0
2201,83,1487,1497840385,"",0
2202,83,1488,1497840385,"",0
2203,84,1489,1497840385,"",0
2204,84,1490,1497840385,"",0
2205,84,1491,1497840385,"",0
2206,84,1492,1497840385,"",0
2207,84,1493,1497840385,"",0
2208,84,1494,1497840385,"",0
2209,84,1495,1497840385,"",0
2210,84,1496,1497840385,"",0
2211,84,1497,1497840385,"",0
2212,84,1498,1497840385,"",0
2213,84,1499,1497840385,"",0
2214,84,1500,1497840385,"",0
2215,84,1501,1497840385,"",0
2216,84,1502,1497840385,"",0
2217,84,1503,1497840386,"",0
2218,85,1504,1497840386,"",0
2219,85,1505,1497840386,"",0
2220,85,1506,1497840386,"",0
2221,85,1507,1497840386,"",0
2222,85,1508,1497840386,"",0
2223,85,1509,1497840386,"",0
2224,85,1510,1497840386,"",0
2225,85,1511,1497840386,"",0
2226,85,1512,1497840386,"",0
2227,85,1513,1497840386,"",0
2228,85,1514,1497840386,"",0
2229,85,1515,1497840386,"",0
2230,85,1516,1497840386,"",0
2231,85,1517,1497840386,"",0
2232,86,1518,1497840386,"",0
2233,86,1519,1497840386,"",0
2234,86,1520,1497840386,"",0
2235,86,1521,1497840386,"",0
2236,86,1522,1497840386,"",0
2237,86,1523,1497840386,"",0
2238,86,1524,1497840386,"",0
2239,86,1525,1497840386,"",0
2240,86,1526,1497840386,"",0
2241,86,1527,1497840386,"",0
2242,86,1528,1497840387,"",0
2243,86,1529,1497840387,"",0
2244,86,1530,1497840387,"",0
2245,86,1531,1497840387,"",0
2246,86,1532,1497840387,"",0
2247,87,1533,1497840387,"",0
2248,87,1534,1497840387,"",0
2249,87,1535,1497840387,"",0
2250,87,1536,1497840387,"",0
2251,87,1537,1497840387,"",0
2252,87,1538,1497840387,"",0
2253,87,1539,1497840387,"",0
2254,87,1540,1497840387,"",0
2255,87,1541,1497840387,"",0
2256,87,1542,1497840387,"",0
2257,87,1543,1497840387,"",0
2258,87,1544,1497840387,"",0
2259,87,1545,1497840387,"",0
2260,87,1546,1497840387,"",0
2261,87,1547,1497840387,"",0
2262,88,1548,1497840387,"",0
2263,88,1549,1497840387,"",0
2264,88,1550,1497840387,"",0
2265,88,1551,1497840388,"",0
2266,88,1552,1497840388,"",0
2267,88,1553,1497840388,"",0
2268,88,1554,1497840388,"",0
2269,88,1555,1497840388,"",0
2270,88,1556,1497840388,"",0
2271,88,1557,1497840388,"",0
2272,88,1558,1497840388,"",0
2273,88,1559,1497840388,"",0
2274,88,1560,1497840388,"",0
2275,88,1561,1497840388,"",0
2276,88,1562,1497840388,"",0
2277,89,1563,1497840388,"",0
2278,89,1564,1497840388,"",0
2279,89,1565,1497840388,"",0
2280,89,1566,1497840388,"",0
2281,89,1567,1497840388,"",0
2282,89,1568,1497840388,"",0
2283,89,1569,1497840388,"",0
2284,89,1570,1497840388,"",0
2285,89,1571,1497840388,"",0
2286,89,1572,1497840388,"",0
2287,89,1573,1497840388,"",0
2288,89,1574,1497840389,"",0
2289,89,1575,1497840389,"",0
2290,89,1576,1497840389,"",0
2291,90,1577,1497840389,"",0
2292,90,1578,1497840389,"",0
2293,90,1579,1497840389,"",0
2294,90,1580,1497840389,"",0
2295,90,1581,1497840389,"",0
2296,90,1582,1497840389,"",0
2297,90,1583,1497840389,"",0
2298,90,1584,1497840389,"",0
2299,90,1585,1497840389,"",0
2300,90,1586,1497840389,"",0
2301,90,1587,1497840389,"",0
2302,90,1588,1497840389,"",0
2303,90,1589,1497840389,"",0
2304,90,1590,1497840389,"",0
2305,90,1591,1497840389,"",0
2306,91,1592,1497840389,"",0
2307,91,1593,1497840389,"",0
2308,91,1594,1497840389,"",0
2309,91,1595,1497840389,"",0
2310,91,1596,1497840389,"",0
2311,91,1597,1497840390,"",0
2312,91,1598,1497840390,"",0
2313,91,1599,1497840390,"",0
2314,91,1600,1497840390,"",0
2315,91,1601,1497840390,"",0
2316,91,1602,1497840390,"",0
2317,91,1603,1497840390,"",0
2318,91,1604,1497840390,"",0
2319,91,1605,1497840390,"",0
2320,92,1606,1497840390,"",0
2321,92,1607,1497840390,"",0
2322,92,1608,1497840390,"",0
2323,92,1609,1497840390,"",0
2324,92,1610,1497840390,"",0
2325,92,1611,1497840390,"",0
2326,92,1612,1497840390,"",0
2327,92,1613,1497840390,"",0
2328,92,1614,1497840390,"",0
2329,92,1615,1497840390,"",0
2330,92,1616,1497840390,"",0
2331,92,1617,1497840390,"",0
2332,92,1618,1497840390,"",0
2333,92,1619,1497840390,"",0
2334,93,1620,1497840391,"",0
2335,93,1621,1497840391,"",0
2336,93,1622,1497840391,"",0
2337,93,1623,1497840391,"",0
2338,93,1624,1497840391,"",0
2339,93,1625,1497840391,"",0
2340,93,1626,1497840391,"",0
2341,93,1627,1497840391,"",0
2342,93,1628,1497840391,"",0
2343,93,1629,1497840391,"",0
2344,93,1630,1497840391,"",0
2345,93,1631,1497840391,"",0
2346,93,1632,1497840391,"",0
2347,93,1633,1497840391,"",0
2348,94,1634,1497840391,"",0
2349,94,1635,1497840391,"",0
2350,94,1636,1497840391,"",0
2351,94,1637,1497840391,"",0
2352,94,1638,1497840391,"",0
2353,94,1639,1497840391,"",0
2354,94,1640,1497840391,"",0
2355,94,1641,1497840391,"",0
2356,94,1642,1497840392,"",0
2357,94,1643,1497840392,"",0
2358,94,1644,1497840392,"",0
2359,94,1645,1497840392,"",0
2360,94,1646,1497840392,"",0
2361,94,1647,1497840392,"",0
2362,95,1648,1497840392,"",0
2363,95,1649,1497840392,"",0
2364,95,1650,1497840392,"",0
2365,95,1651,1497840392,"",0
2366,95,1652,1497840392,"",0
2367,95,1653,1497840392,"",0
2368,95,1654,1497840392,"",0
2369,95,1655,1497840392,"",0
2370,95,1656,1497840392,"",0
2371,95,1657,1497840392,"",0
2372,95,1658,1497840392,"",0
2373,95,1659,1497840392,"",0
2374,95,1660,1497840392,"",0
2375,95,1661,1497840392,"",0
2376,96,1662,1497840392,"",0
2377,96,1663,1497840393,"",0
2378,96,1664,1497840393,"",0
2379,96,1665,1497840393,"",0
2380,96,1666,1497840393,"",0
2381,96,1667,1497840393,"",0
2382,96,1668,1497840393,"",0
2383,96,1669,1497840393,"",0
2384,96,1670,1497840393,"",0
2385,96,1671,1497840393,"",0
2386,96,1672,1497840393,"",0
2387,96,1673,1497840393,"",0
2388,96,1674,1497840393,"",0
2389,96,1675,1497840393,"",0
2396,92,1677,1498470476,"",0
2397,89,1681,1498470521,"",0
2398,95,1680,1498470544,"",0
2399,94,1679,1498470587,"",0
2400,93,1678,1498470660,"",0
2401,91,1676,1498470742,"",0
